"","SNP","CHR","UNADJ","GC","BONF","HOLM","SIDAK_SS","SIDAK_SD","FDR_BH","FDR_BY","ensembl_gene_id","hgnc_symbol"
"517","rs72703013",1,3.194e-07,3.993e-07,0.01506,0.01506,0.01495,0.01495,0.008979,0.1018,"ENSG00000143341","HMCN1"
"266","rs181937397",19,3.558e-07,3.105e-06,0.003245,0.003245,0.003239,0.003239,0.003245,0.03146,"ENSG00000167384","ZNF180"
"518","rs72733227",1,4.701e-07,5.84e-07,0.02216,0.02216,0.02192,0.02192,0.008979,0.1018,"ENSG00000143341","HMCN1"
"69","rs116413724",1,7.328e-07,9.04e-07,0.03454,0.03454,0.03395,0.03395,0.008979,0.1018,"ENSG00000143341","HMCN1"
"242","rs151002601",1,7.619e-07,9.393e-07,0.03592,0.03591,0.03528,0.03528,0.008979,0.1018,"ENSG00000143341","HMCN1"
"417","rs505122",4,2.642e-06,2.642e-06,0.08292,0.08292,0.07958,0.07958,0.04185,0.4574,"",NA
"418","rs530608",4,2.666e-06,2.666e-06,0.08369,0.08369,0.08029,0.08028,0.04185,0.4574,"",NA
"150","rs138096719",1,2.705e-06,3.268e-06,0.1275,0.1275,0.1197,0.1197,0.0255,0.2891,"ENSG00000143341","HMCN1"
"315","rs192087811",14,2.946e-06,6.434e-06,0.0683,0.0683,0.06602,0.06602,0.0683,0.7259,"",NA
"3",".",1,7.418e-06,8.821e-06,0.3497,0.3496,0.2951,0.2951,0.05828,0.6608,NA,NA
"148","rs137916841",18,7.498e-06,2.657e-05,0.1275,0.1275,0.1197,0.1197,0.02561,0.2643,"",NA
"188","rs143018026",18,7.498e-06,2.657e-05,0.1275,0.1275,0.1197,0.1197,0.02561,0.2643,"",NA
"226","rs148347735",18,7.519e-06,2.664e-05,0.1279,0.1279,0.1201,0.12,0.02561,0.2643,"",NA
"271","rs182831135",18,7.519e-06,2.664e-05,0.1279,0.1279,0.1201,0.12,0.02561,0.2643,"",NA
"328","rs200342149",18,7.529e-06,2.667e-05,0.1281,0.128,0.1202,0.1202,0.02561,0.2643,"",NA
"198","rs144823772",3,8.009e-06,1.344e-05,0.4402,0.4402,0.3561,0.3561,0.4402,1,"ENSG00000145012","LPP"
"35","rs11187019",10,1.001e-05,1.186e-05,0.302,0.302,0.2607,0.2607,0.1405,1,"ENSG00000119912","IDE"
"213","rs146587329",18,1.049e-05,3.577e-05,0.1785,0.1784,0.1634,0.1634,0.02974,0.3069,"",NA
"208","rs146088763",10,1.126e-05,1.332e-05,0.3397,0.3397,0.288,0.288,0.1405,1,"ENSG00000107745","MICU1"
"229","rs149240739",15,1.187e-05,1.187e-05,0.2589,0.2589,0.2281,0.2281,0.1405,1,"",NA
"569","rs77879853",15,1.288e-05,1.288e-05,0.281,0.281,0.245,0.245,0.1405,1,"",NA
"231","rs149345859",10,1.398e-05,1.647e-05,0.4215,0.4215,0.3439,0.3439,0.1405,1,"ENSG00000122870","BICC1"
"371","rs3092139",20,1.599e-05,1.599e-05,0.2073,0.2073,0.1872,0.1872,0.2073,1,"ENSG00000101040","ZMYND8"
"452","rs59206421",9,2.055e-05,2.055e-05,0.4495,0.4495,0.362,0.362,0.2658,1,"",NA
"411","rs4945720",6,2.214e-05,3.225e-05,0.8451,0.8451,0.5705,0.5705,0.1369,1,"",NA
"479","rs6585566",10,2.398e-05,2.801e-05,0.7232,0.7231,0.5148,0.5148,0.1808,1,"",NA
"507","rs71572267",6,2.41e-05,3.499e-05,0.92,0.92,0.6015,0.6015,0.1369,1,"",NA
"453","rs59221680",9,2.43e-05,2.43e-05,0.5315,0.5315,0.4123,0.4123,0.2658,1,"",NA
"591","rs80162108",5,2.447e-05,3.031e-05,0.9068,0.9068,0.5962,0.5962,0.54,1,"",NA
"388","rs3749923",6,2.633e-05,3.811e-05,1,1,0.6341,0.6341,0.1369,1,"",NA
"186","rs142862714",4,2.652e-05,2.652e-05,0.8324,0.8324,0.565,0.565,0.2775,1,"",NA
"258","rs17264285",18,2.826e-05,8.594e-05,0.4806,0.4805,0.3816,0.3815,0.06172,0.6369,"",NA
"425","rs56201933",18,2.903e-05,8.802e-05,0.4938,0.4936,0.3897,0.3896,0.06172,0.6369,"",NA
"383","rs35916453",16,3.127e-05,5.28e-05,0.6069,0.6069,0.455,0.455,0.5457,1,"ENSG00000072864","NDE1"
"384","rs35916453",16,3.127e-05,5.28e-05,0.6069,0.6069,0.455,0.455,0.5457,1,"",NA
"238","rs149983987",14,3.144e-05,5.88e-05,0.729,0.7289,0.5176,0.5176,0.3645,1,"ENSG00000100764","PSMC1"
"560","rs7751148",6,3.154e-05,4.533e-05,1,1,0.7,0.7,0.1369,1,"",NA
"297","rs189015836",12,3.277e-05,0.0001137,1,1,0.6446,0.6446,0.8652,1,"ENSG00000111181","SLC6A12"
"455","rs59625473",5,3.328e-05,4.095e-05,1,1,0.7087,0.7087,0.54,1,"",NA
"20","rs10871988",6,3.63e-05,5.19e-05,1,1,0.7499,0.7499,0.1369,1,"",NA
"88","rs117912669",10,3.682e-05,4.273e-05,1,1,0.6706,0.6706,0.2221,1,"",NA
"101","rs12192168",6,3.687e-05,5.268e-05,1,1,0.7552,0.7552,0.1369,1,"",NA
"394","rs41317501",1,3.772e-05,4.372e-05,1,1,0.8311,0.831,0.254,1,"ENSG00000143341","HMCN1"
"492","rs6932975",6,3.959e-05,5.642e-05,1,1,0.7794,0.7794,0.1369,1,"",NA
"493","rs6933707",6,4.026e-05,5.733e-05,1,1,0.785,0.7849,0.1369,1,"",NA
"11","rs10408312",19,4.102e-05,0.0001719,0.3741,0.374,0.3121,0.3121,0.0844,0.8183,"ENSG00000171105","INSR"
"26","rs11085220",19,4.115e-05,0.0001723,0.3752,0.3752,0.3129,0.3128,0.0844,0.8183,"ENSG00000171105","INSR"
"513","rs7256657",19,4.115e-05,0.0001723,0.3752,0.3752,0.3129,0.3128,0.0844,0.8183,"ENSG00000171105","INSR"
"106","rs12200346",6,4.134e-05,5.882e-05,1,1,0.7937,0.7936,0.1369,1,"",NA
"111","rs12213900",6,4.134e-05,5.882e-05,1,1,0.7937,0.7936,0.1369,1,"",NA
"59","rs115000660",6,4.137e-05,5.885e-05,1,1,0.7939,0.7938,0.1369,1,NA,NA
"85","rs117544764",6,4.304e-05,6.113e-05,1,1,0.8066,0.8065,0.1369,1,"ENSG00000164418","GRIK2"
"587","rs79794175",11,4.553e-05,9.364e-05,0.6147,0.6147,0.4592,0.4592,0.373,1,"",NA
"221","rs147799691",10,5.139e-05,5.932e-05,1,1,0.7877,0.7877,0.2227,1,"",NA
"209","rs146263141",3,5.785e-05,8.843e-05,1,1,0.9584,0.9584,0.7579,1,"ENSG00000145012","LPP"
"39","rs11187076",10,5.917e-05,6.816e-05,1,1,0.8322,0.8321,0.2227,1,"",NA
"95","rs11879297",19,6.069e-05,0.0002395,0.5534,0.5532,0.425,0.4249,0.0844,0.8183,"ENSG00000171105","INSR"
"555","rs76940160",19,6.553e-05,0.0002556,0.5976,0.5973,0.4499,0.4497,0.0844,0.8183,"ENSG00000171105","INSR"
"613","rs9415586",10,6.555e-05,7.538e-05,1,1,0.8615,0.8615,0.2227,1,"ENSG00000122870","BICC1"
"463","rs62105984",2,6.633e-05,6.633e-05,1,1,0.9427,0.9427,0.5608,1,"ENSG00000172554","SNTG2"
"512","rs7255710",19,6.854e-05,0.0002655,0.625,0.6246,0.4648,0.4645,0.0844,0.8183,"ENSG00000171105","INSR"
"245","rs151298424",5,6.881e-05,8.334e-05,1,1,0.9219,0.9219,0.54,1,"ENSG00000183580","FBXL7"
"152","rs138207546",8,6.958e-05,6.958e-05,1,1,0.8432,0.8432,0.8473,1,"",NA
"432","rs57725128",5,7.127e-05,8.626e-05,1,1,0.9287,0.9287,0.54,1,"",NA
"77","rs117025962",10,7.346e-05,8.433e-05,1,1,0.8909,0.8909,0.2227,1,"ENSG00000183230","CTNNA3"
"48","rs113162577",5,7.35e-05,8.889e-05,1,1,0.9344,0.9344,0.54,1,"",NA
"404","rs4746645",10,7.384e-05,8.475e-05,1,1,0.8922,0.8921,0.2227,1,"ENSG00000183230","CTNNA3"
"597","rs8103955",19,7.404e-05,0.0002834,0.6752,0.6747,0.491,0.4907,0.0844,0.8183,"ENSG00000171105","INSR"
"82","rs117291035",18,7.425e-05,0.0002022,1,1,0.7172,0.717,0.1403,1,"",NA
"495","rs6936976",6,7.564e-05,0.0001052,1,1,0.9443,0.9442,0.1769,1,"",NA
"189","rs143247419",6,7.724e-05,0.0001073,1,1,0.9476,0.9475,0.1769,1,"",NA
"570","rs78077061",6,7.724e-05,0.0001073,1,1,0.9476,0.9475,0.1769,1,"",NA
"109","rs12208836",6,8.038e-05,0.0001115,1,1,0.9535,0.9535,0.1769,1,"",NA
"465","rs62257289",3,8.071e-05,0.0001214,1,1,0.9882,0.9882,0.7579,1,"ENSG00000169855","ROBO1"
"260","rs180987253",7,8.173e-05,0.0001677,1,1,0.9606,0.9606,0.8926,1,"ENSG00000157212","PAXIP1"
"68","rs116266505",11,8.289e-05,0.0001627,1,1,0.6734,0.6734,0.373,1,"ENSG00000019505","SYT13"
"579","rs79127149",11,8.289e-05,0.0001627,1,1,0.6734,0.6734,0.373,1,"ENSG00000019505","SYT13"
"240","rs150584805",13,8.375e-05,0.0001515,1,1,0.7921,0.7921,0.9403,1,"ENSG00000132938","MTUS2"
"105","rs12197643",6,8.806e-05,0.0001217,1,1,0.9653,0.9653,0.1769,1,"",NA
"561","rs7754646",6,8.806e-05,0.0001217,1,1,0.9653,0.9653,0.1769,1,"",NA
"562","rs7754958",6,8.806e-05,0.0001217,1,1,0.9653,0.9653,0.1769,1,"",NA
"263","rs181409713",9,9.893e-05,9.893e-05,1,1,0.8851,0.8851,0.4924,1,"",NA
"412","rs4945721",6,0.0001071,0.000147,1,1,0.9832,0.9832,0.203,1,"",NA
"218","rs147317041",10,0.0001077,0.0001229,1,1,0.9612,0.9612,0.2857,1,"ENSG00000072401","UBE2D1"
"22","rs10931292",2,0.0001086,0.0001086,1,1,0.9907,0.9907,0.5608,1,"",NA
"541","rs7560548",2,0.0001086,0.0001086,1,1,0.9907,0.9907,0.5608,1,"",NA
"433","rs578494",4,0.0001099,0.0001099,1,1,0.9683,0.9683,0.7031,1,"",NA
"4",".",2,0.0001113,0.0001113,1,1,0.9918,0.9917,0.5608,1,NA,NA
"199","rs144961142",9,0.0001126,0.0001126,1,1,0.9147,0.9147,0.4924,1,"",NA
"278","rs184495183",9,0.0001126,0.0001126,1,1,0.9147,0.9147,0.4924,1,"",NA
"514","rs72656144",1,0.0001126,0.0001283,1,1,0.9951,0.995,0.4128,1,"",NA
"90","rs11806930",1,0.000113,0.0001287,1,1,0.9951,0.9951,0.4128,1,"",NA
"92","rs11810182",1,0.0001136,0.0001294,1,1,0.9953,0.9953,0.4128,1,"",NA
"542","rs75713617",1,0.0001137,0.0001295,1,1,0.9953,0.9953,0.4128,1,"",NA
"449","rs59109324",1,0.0001138,0.0001297,1,1,0.9953,0.9953,0.4128,1,"",NA
"576","rs78899940",1,0.0001138,0.0001297,1,1,0.9953,0.9953,0.4128,1,"",NA
"349","rs2067770",2,0.0001145,0.0001145,1,1,0.9928,0.9928,0.5608,1,"ENSG00000003436","TFPI"
"342","rs201537822",7,0.0001175,0.0002339,1,1,0.9904,0.9904,0.8926,1,"",NA
"8","rs10179730",2,0.0001179,0.0001179,1,1,0.9938,0.9938,0.5608,1,"ENSG00000003436","TFPI"
"596","rs80282261",3,0.0001199,0.000177,1,1,0.9986,0.9986,0.7579,1,"",NA
"593","rs80219569",14,0.0001203,0.0002061,1,1,0.9386,0.9385,0.7395,1,"ENSG00000151320","AKAP6"
"32","rs11152906",6,0.0001241,0.0001694,1,1,0.9912,0.9912,0.203,1,"",NA
"568","rs7775784",6,0.0001241,0.0001694,1,1,0.9912,0.9912,0.203,1,"",NA
"334","rs200864546",16,0.0001264,0.0001978,1,1,0.914,0.9139,0.5457,1,"",NA
"335","rs200864546",16,0.0001264,0.0001978,1,1,0.914,0.9139,0.5457,1,"ENSG00000133392","MYH11"
"387","rs36061130",6,0.0001268,0.0001729,1,1,0.9921,0.9921,0.203,1,"",NA
"140","rs13215959",6,0.0001297,0.0001767,1,1,0.9929,0.9929,0.203,1,"",NA
"577","rs79018711",3,0.0001297,0.0001908,1,1,0.9992,0.9992,0.7579,1,"ENSG00000175697","GPR156"
"380","rs35382676",16,0.0001299,0.000203,1,1,0.9197,0.9197,0.5457,1,"ENSG00000133392","MYH11"
"381","rs35382676",16,0.0001299,0.000203,1,1,0.9197,0.9197,0.5457,1,"",NA
"104","rs12196162",6,0.0001351,0.0001838,1,1,0.9943,0.9942,0.203,1,"",NA
"564","rs77629261",7,0.0001368,0.0002691,1,1,0.9956,0.9956,0.8926,1,"ENSG00000106012","IQCE"
"201","rs145076664",18,0.0001372,0.0003483,1,1,0.903,0.9029,0.2333,1,"",NA
"475","rs6434221",2,0.0001373,0.0001373,1,1,0.9973,0.9973,0.5608,1,"ENSG00000003436","TFPI"
"89","rs11806210",1,0.0001393,0.0001582,1,1,0.9986,0.9986,0.4594,1,"",NA
"303","rs189927264",15,0.0001441,0.0001441,1,1,0.9569,0.9569,0.9906,1,"ENSG00000259417","CTXND1"
"80","rs117208242",2,0.0001473,0.0001473,1,1,0.9983,0.9983,0.5608,1,"ENSG00000003436","TFPI"
"175","rs141339865",2,0.0001473,0.0001473,1,1,0.9983,0.9983,0.5608,1,NA,NA
"249","rs16829090",2,0.0001493,0.0001493,1,1,0.9984,0.9984,0.5608,1,"ENSG00000003436","TFPI"
"362","rs28360641",6,0.0001518,0.0002055,1,1,0.997,0.9969,0.203,1,"ENSG00000112561","TFEB"
"500","rs7098323",10,0.0001518,0.0001722,1,1,0.9897,0.9897,0.2857,1,"ENSG00000122870","BICC1"
"533","rs74396751",3,0.0001539,0.0002246,1,1,0.9998,0.9998,0.7579,1,"",NA
"377","rs34962557",6,0.0001587,0.0002146,1,1,0.9977,0.9977,0.203,1,"",NA
"557","rs7738710",6,0.000159,0.000215,1,1,0.9977,0.9977,0.203,1,"ENSG00000112041","TULP1"
"566","rs7769417",6,0.0001594,0.0002155,1,1,0.9977,0.9977,0.203,1,"ENSG00000112041","TULP1"
"350","rs2075611",6,0.0001595,0.0002157,1,1,0.9977,0.9977,0.203,1,"ENSG00000112041","TULP1"
"267","rs182132347",9,0.0001606,0.0001606,1,1,0.9702,0.9702,0.5854,1,"",NA
"550","rs76724515",3,0.0001613,0.000235,1,1,0.9999,0.9999,0.7579,1,"",NA
"545","rs761353",6,0.0001688,0.0002277,1,1,0.9984,0.9984,0.2078,1,"ENSG00000112561","TFEB"
"118","rs12569553",10,0.0001707,0.0001933,1,1,0.9942,0.9942,0.2857,1,"ENSG00000122870","BICC1"
"563","rs7755016",6,0.0001806,0.0002431,1,1,0.999,0.999,0.2155,1,"ENSG00000112041","TULP1"
"462","rs61874072",10,0.000188,0.0002127,1,1,0.9966,0.9965,0.2857,1,"ENSG00000122870","BICC1"
"413","rs4946679",6,0.0001892,0.0002541,1,1,0.9993,0.9993,0.2189,1,"",NA
"164","rs139381636",5,0.0001895,0.0002246,1,1,0.9991,0.9991,0.54,1,"",NA
"71","rs116667913",14,0.0001897,0.0003155,1,1,0.9877,0.9877,0.7395,1,"",NA
"524","rs72861972",4,0.0001943,0.0001943,1,1,0.9978,0.9978,0.7031,1,"",NA
"123","rs12857739",23,0.0001973,0.0001973,1,1,0.985,0.985,0.9995,1,"ENSG00000198947","DMD"
"588","rs7995086",13,0.0001973,0.0003366,1,1,0.9753,0.9753,0.9403,1,"",NA
"392","rs3931543",10,0.0001993,0.0002252,1,1,0.9976,0.9975,0.2857,1,"",NA
"502","rs71376079",16,0.0002044,0.0003117,1,1,0.9811,0.9811,0.5457,1,"",NA
"503","rs71376079",16,0.0002044,0.0003117,1,1,0.9811,0.9811,0.5457,1,"ENSG00000072864","NDE1"
"527","rs73310617",10,0.0002046,0.0002311,1,1,0.9979,0.9979,0.2857,1,"ENSG00000183230","CTNNA3"
"193","rs143849250",1,0.0002047,0.0002311,1,1,0.9999,0.9999,0.4594,1,"ENSG00000198626","RYR2"
"456","rs59726309",10,0.0002057,0.0002323,1,1,0.998,0.998,0.2857,1,"ENSG00000183230","CTNNA3"
"206","rs145656206",7,0.0002058,0.0003913,1,1,0.9997,0.9997,0.8926,1,"",NA
"184","rs142698030",15,0.0002059,0.0002059,1,1,0.9888,0.9888,0.9906,1,"ENSG00000259417","CTXND1"
"572","rs78360288",5,0.0002088,0.0002469,1,1,0.9996,0.9996,0.54,1,"ENSG00000164237","CMBL"
"237","rs149926798",8,0.0002092,0.0002092,1,1,0.9962,0.9962,0.8473,1,"",NA
"157","rs138632393",10,0.0002102,0.0002374,1,1,0.9982,0.9982,0.2857,1,"ENSG00000156113","KCNMA1"
"346","rs201991453",2,0.0002121,0.0002121,1,1,0.9999,0.9999,0.5608,1,"ENSG00000115956","PLEK"
"50","rs113650301",1,0.000214,0.0002413,1,1,1,1,0.4594,1,"ENSG00000146463","ZMYM4"
"289","rs186193974",10,0.0002153,0.000243,1,1,0.9985,0.9985,0.2857,1,"ENSG00000183230","CTNNA3"
"429","rs573424",11,0.0002159,0.0003934,1,1,0.9458,0.9458,0.3915,1,"ENSG00000184384","MAML2"
"162","rs138872548",2,0.0002168,0.0002168,1,1,0.9999,0.9999,0.5608,1,"",NA
"216","rs146856005",6,0.0002177,0.0002909,1,1,0.9998,0.9998,0.2396,1,"ENSG00000111961","SASH1"
"544","rs75941388",10,0.0002188,0.0002469,1,1,0.9986,0.9986,0.2857,1,"ENSG00000183230","CTNNA3"
"138","rs13210298",6,0.0002248,3e-04,1,1,0.9998,0.9998,0.2396,1,"",NA
"251","rs16860383",1,0.0002248,0.0002534,1,1,1,1,0.4594,1,"",NA
"307","rs190792906",11,0.0002249,0.0004085,1,1,0.952,0.952,0.3915,1,"",NA
"332","rs200715461",19,0.0002275,0.0007337,1,1,0.8744,0.8742,0.2305,1,"ENSG00000178297","TMPRSS9"
"173","rs141152164",13,0.000228,0.0003852,1,1,0.9861,0.9861,0.9403,1,"",NA
"54","rs114170364",6,0.0002299,0.0003066,1,1,0.9998,0.9998,0.2396,1,NA,NA
"187","rs142883828",18,0.0002319,0.0005547,1,1,0.9807,0.9806,0.3586,1,"",NA
"401","rs4639354",6,0.0002322,0.0003095,1,1,0.9999,0.9999,0.2396,1,"ENSG00000171408","PDE7B"
"549","rs76655031",9,0.0002326,0.0002326,1,1,0.9938,0.9938,0.7269,1,"ENSG00000173068","BNC2"
"450","rs59122131",10,0.0002328,0.0002625,1,1,0.9991,0.9991,0.2857,1,"ENSG00000183230","CTNNA3"
"539","rs75292030",1,0.0002384,0.0002685,1,1,1,1,0.4594,1,"",NA
"220","rs147501648",1,0.0002407,0.000271,1,1,1,1,0.4594,1,"",NA
"529","rs73827408",4,0.0002412,0.0002412,1,1,0.9995,0.9995,0.7031,1,"",NA
"180","rs141729704",4,0.0002417,0.0002417,1,1,0.9995,0.9995,0.7031,1,"",NA
"151","rs138111898",1,0.0002418,0.0002722,1,1,1,1,0.4594,1,"",NA
"52","rs114148005",6,0.0002436,0.0003241,1,1,0.9999,0.9999,0.2447,1,"",NA
"53","rs114148005",6,0.0002436,0.0003241,1,1,0.9999,0.9999,0.2447,1,"ENSG00000204568","MRPS18B"
"408","rs488964",11,0.0002452,0.0004424,1,1,0.9635,0.9635,0.3915,1,"ENSG00000184384","MAML2"
"547","rs76262921",3,0.0002452,0.0003502,1,1,1,1,0.7579,1,"",NA
"523","rs72802693",10,0.0002461,0.0002772,1,1,0.9994,0.9994,0.2857,1,"ENSG00000183230","CTNNA3"
"586","rs79728734",11,0.0002466,0.0004447,1,1,0.9642,0.9641,0.3915,1,"",NA
"76","rs117006164",11,0.0002494,0.0004495,1,1,0.9655,0.9655,0.3915,1,"ENSG00000011405","PIK3C2A"
"44","rs112406733",1,0.0002503,0.0002816,1,1,1,1,0.4594,1,"ENSG00000146463","ZMYM4"
"379","rs35288601",13,0.0002506,0.0004206,1,1,0.9909,0.9909,0.9403,1,"",NA
"158","rs138785484",20,0.0002537,0.0002537,1,1,0.9627,0.9627,0.6621,1,"",NA
"461","rs61874070",10,0.0002602,0.0002928,1,1,0.9996,0.9996,0.2857,1,"ENSG00000122870","BICC1"
"290","rs186799768",2,0.0002617,0.0002617,1,1,1,1,0.5608,1,"",NA
"415","rs5021914",1,0.0002708,0.0003044,1,1,1,1,0.4594,1,"ENSG00000143341","HMCN1"
"272","rs182877481",3,0.0002731,0.0003881,1,1,1,1,0.7579,1,"ENSG00000169855","ROBO1"
"309","rs191078939",3,0.000275,0.0003907,1,1,1,1,0.7579,1,"ENSG00000169855","ROBO1"
"171","rs140896051",1,0.0002753,0.0003093,1,1,1,1,0.4594,1,NA,NA
"326","rs200015663",4,0.0002781,0.0002781,1,1,0.9998,0.9998,0.7031,1,"",NA
"443","rs58778960",1,0.0002807,0.0003153,1,1,1,1,0.4594,1,"ENSG00000198626","RYR2"
"365","rs28540781",15,0.0002818,0.0002818,1,1,0.9979,0.9979,0.9906,1,"",NA
"114","rs12256144",10,0.0002826,0.0003176,1,1,0.9998,0.9998,0.2857,1,"ENSG00000122870","BICC1"
"63","rs115645764",9,0.0002827,0.0002827,1,1,0.9979,0.9979,0.7728,1,"",NA
"421","rs55828021",18,0.0002828,0.0006613,1,1,0.9919,0.9918,0.4009,1,"",NA
"522","rs72802425",10,0.0002839,0.000319,1,1,0.9998,0.9998,0.2857,1,"ENSG00000122870","BICC1"
"530","rs73980805",17,0.0002852,0.0004846,1,1,0.9689,0.9689,0.7793,1,"ENSG00000091536","MYO15A"
"604","rs9346879",6,0.0002867,0.0003791,1,1,1,1,0.2806,1,"ENSG00000185345","PRKN"
"296","rs188202116",7,0.0002874,0.0005316,1,1,1,1,0.8926,1,"",NA
"488","rs6833042",4,0.000288,0.000288,1,1,0.9999,0.9999,0.7031,1,"",NA
"61","rs115642500",16,0.0002897,0.0004334,1,1,0.9964,0.9964,0.5457,1,"ENSG00000133392","MYH11"
"62","rs115642500",16,0.0002897,0.0004334,1,1,0.9964,0.9964,0.5457,1,"",NA
"192","rs143418025",17,0.0002911,0.0004939,1,1,0.9711,0.9711,0.7793,1,"ENSG00000091536","MYO15A"
"321","rs199576740",11,0.0002944,0.0005236,1,1,0.9812,0.9812,0.3915,1,"ENSG00000070081","NUCB2"
"590","rs80038223",14,0.0003008,0.0004857,1,1,0.9991,0.9991,0.7395,1,"ENSG00000151320","AKAP6"
"27","rs11097854",4,0.0003022,0.0003022,1,1,0.9999,0.9999,0.7031,1,"",NA
"75","rs116951956",12,0.0003043,0.0007911,1,1,0.9999,0.9999,0.8652,1,"ENSG00000166535","A2ML1"
"559","rs77501158",11,0.0003086,0.000547,1,1,0.9845,0.9845,0.3915,1,"ENSG00000198382","UVRAG"
"137","rs13198041",6,0.0003124,0.0004119,1,1,1,1,0.2982,1,"ENSG00000112561","TFEB"
"582","rs79408551",2,0.0003151,0.0003151,1,1,1,1,0.5608,1,"ENSG00000064989","CALCRL"
"154","rs138475780",2,0.0003152,0.0003152,1,1,1,1,0.5608,1,"",NA
"466","rs62257571",3,0.0003155,0.0004453,1,1,1,1,0.7579,1,"ENSG00000169855","ROBO1"
"467","rs62257574",3,0.0003155,0.0004453,1,1,1,1,0.7579,1,"ENSG00000169855","ROBO1"
"55","rs114229740",1,0.0003235,0.0003626,1,1,1,1,0.4594,1,"",NA
"434","rs578627",11,0.0003246,0.0005731,1,1,0.9875,0.9875,0.3915,1,"",NA
"281","rs184929037",2,0.000329,0.000329,1,1,1,1,0.5608,1,"",NA
"520","rs72733941",15,0.0003293,0.0003293,1,1,0.9992,0.9992,0.9906,1,"ENSG00000140262","TCF12"
"223","rs148003653",18,0.0003299,0.0007581,1,1,0.9963,0.9963,0.403,1,"ENSG00000101680","LAMA1"
"178","rs141547520",12,0.0003307,0.0008506,1,1,1,1,0.8652,1,"",NA
"519","rs72733912",15,0.0003311,0.0003311,1,1,0.9993,0.9993,0.9906,1,"ENSG00000140262","TCF12"
"589","rs79954266",18,0.0003317,0.0007618,1,1,0.9965,0.9964,0.403,1,"ENSG00000074695","LMAN1"
"253","rs17077838",6,0.0003343,0.0004396,1,1,1,1,0.3026,1,"",NA
"291","rs186852174",4,0.0003344,0.0003344,1,1,1,1,0.7031,1,"ENSG00000078140","UBE2K"
"611","rs9377263",6,0.0003358,0.0004414,1,1,1,1,0.3026,1,"",NA
"169","rs140092475",6,0.0003408,0.0004478,1,1,1,1,0.3026,1,"",NA
"351","rs2111190",2,0.0003448,0.0003448,1,1,1,1,0.5608,1,"ENSG00000187957","DNER"
"477","rs6533177",4,0.0003456,0.0003456,1,1,1,1,0.7031,1,"",NA
"170","rs140113499",11,0.0003479,0.000611,1,1,0.9909,0.9909,0.3915,1,"ENSG00000149090","PAMR1"
"72","rs116842685",14,0.000351,0.0005612,1,1,0.9997,0.9997,0.7395,1,"",NA
"91","rs118070279",14,0.000351,0.0005612,1,1,0.9997,0.9997,0.7395,1,"",NA
"15","rs10600822",1,0.0003536,0.0003958,1,1,1,1,0.4594,1,"ENSG00000198626","RYR2"
"250","rs16835136",1,0.0003536,0.0003958,1,1,1,1,0.4594,1,"ENSG00000198626","RYR2"
"447","rs59008456",1,0.0003536,0.0003958,1,1,1,1,0.4594,1,"ENSG00000198626","RYR2"
"454","rs59608377",1,0.0003536,0.0003958,1,1,1,1,0.4594,1,"ENSG00000198626","RYR2"
"485","rs6694999",1,0.0003536,0.0003958,1,1,1,1,0.4594,1,"ENSG00000198626","RYR2"
"202","rs145279671",1,0.0003553,0.0003976,1,1,1,1,0.4594,1,"ENSG00000185420","SMYD3"
"10","rs1027833",3,0.0003568,0.0005007,1,1,1,1,0.7579,1,"ENSG00000169855","ROBO1"
"107","rs12206118",6,0.0003569,0.0004681,1,1,1,1,0.3028,1,"ENSG00000112249","ASCC3"
"225","rs148295500",6,0.0003569,0.0004681,1,1,1,1,0.3028,1,NA,NA
"498","rs7076966",10,0.0003606,0.0004037,1,1,1,1,0.2857,1,"ENSG00000119912","IDE"
"40","rs111887231",5,0.0003647,0.0004261,1,1,1,1,0.54,1,"",NA
"474","rs62422679",6,0.0003695,0.000484,1,1,1,1,0.3056,1,"ENSG00000112249","ASCC3"
"155","rs138542600",7,0.0003704,0.000671,1,1,1,1,0.8926,1,"ENSG00000048052","HDAC9"
"273","rs183116340",1,0.0003715,0.0004155,1,1,1,1,0.4594,1,"ENSG00000143341","HMCN1"
"259","rs17409351",12,0.0003747,0.0009484,1,1,1,1,0.8652,1,"",NA
"329","rs200469603",6,0.0003763,0.0004926,1,1,1,1,0.3056,1,"",NA
"546","rs76251034",13,0.0003779,0.0006168,1,1,0.9992,0.9992,0.9403,1,"ENSG00000102755","FLT1"
"337","rs200958667",4,0.0003782,0.0003782,1,1,1,1,0.7031,1,"",NA
"551","rs767617",4,0.0003782,0.0003782,1,1,1,1,0.7031,1,"",NA
"23","rs10934359",3,0.0003827,0.0005352,1,1,1,1,0.7579,1,"",NA
"288","rs186178292",19,0.0003956,0.001173,1,1,0.9729,0.9728,0.3607,1,"ENSG00000130164","LDLR"
"49","rs113178456",18,0.0003977,0.0008946,1,1,0.9988,0.9988,0.4304,1,"ENSG00000041353","RAB27B"
"336","rs200925797",6,0.0003978,0.0005197,1,1,1,1,0.3081,1,"ENSG00000112249","ASCC3"
"103","rs12194978",6,0.0004004,0.000523,1,1,1,1,0.3081,1,"",NA
"127","rs12921343",16,0.000402,0.0005909,1,1,0.9996,0.9996,0.5457,1,"ENSG00000072864","NDE1"
"128","rs12921343",16,0.000402,0.0005909,1,1,0.9996,0.9996,0.5457,1,"",NA
"17","rs10842280",12,0.0004034,0.001011,1,1,1,1,0.8652,1,"",NA
"473","rs62422677",6,0.0004035,0.0005269,1,1,1,1,0.3081,1,"ENSG00000112249","ASCC3"
"96","rs11948108",5,0.0004048,0.0004719,1,1,1,1,0.54,1,"",NA
"257","rs17261141",18,0.0004049,0.000909,1,1,0.999,0.999,0.4304,1,"",NA
"21","rs10882083",10,0.0004063,0.0004541,1,1,1,1,0.2857,1,"ENSG00000119912","IDE"
"47","rs112643141",1,0.0004071,0.0004547,1,1,1,1,0.4594,1,"ENSG00000198626","RYR2"
"125","rs12918781",16,0.000409,0.0006005,1,1,0.9996,0.9996,0.5457,1,"ENSG00000166783","MARF1"
"126","rs12918781",16,0.000409,0.0006005,1,1,0.9996,0.9996,0.5457,1,"",NA
"16","rs10786048",10,0.0004135,0.0004619,1,1,1,1,0.2857,1,"ENSG00000119912","IDE"
"37","rs11187030",10,0.0004135,0.0004619,1,1,1,1,0.2857,1,"ENSG00000119912","IDE"
"331","rs200606914",3,0.0004149,0.000578,1,1,1,1,0.7579,1,"ENSG00000169855","ROBO1"
"252","rs16930563",12,0.0004264,0.001061,1,1,1,1,0.8652,1,"ENSG00000123104","ITPR2"
"376","rs34846419",6,0.0004267,0.000556,1,1,1,1,0.3093,1,"ENSG00000112561","TFEB"
"33","rs11152908",6,0.0004306,0.0005609,1,1,1,1,0.3093,1,"",NA
"491","rs6925311",6,0.0004306,0.0005609,1,1,1,1,0.3093,1,"",NA
"567","rs77701959",20,0.0004314,0.0004314,1,1,0.9963,0.9963,0.6621,1,"ENSG00000101333","PLCB4"
"167","rs139689434",1,0.0004332,0.0004834,1,1,1,1,0.4594,1,"ENSG00000198626","RYR2"
"538","rs75134454",1,0.0004332,0.0004834,1,1,1,1,0.4594,1,"ENSG00000198626","RYR2"
"592","rs80195064",3,0.0004358,0.0006059,1,1,1,1,0.7579,1,"ENSG00000169855","ROBO1"
"214","rs146692971",6,0.0004375,0.0005695,1,1,1,1,0.3093,1,"",NA
"426","rs56321915",10,0.0004492,0.0005012,1,1,1,1,0.2857,1,"ENSG00000183230","CTNNA3"
"339","rs200989568",19,0.0004508,0.00131,1,1,0.9836,0.9835,0.3737,1,"ENSG00000213921","LEUTX"
"340","rs200989568",19,0.0004508,0.00131,1,1,0.9836,0.9835,0.3737,1,"",NA
"484","rs6687722",1,0.0004524,0.0005044,1,1,1,1,0.4594,1,"ENSG00000198626","RYR2"
"416","rs5023797",20,0.0004594,0.0004594,1,1,0.9974,0.9974,0.6621,1,"",NA
"116","rs12309389",12,0.0004621,0.001139,1,1,1,1,0.8652,1,"",NA
"31","rs11134882",5,0.0004625,0.0005375,1,1,1,1,0.54,1,"",NA
"391","rs3861450",6,0.0004637,0.0006024,1,1,1,1,0.3219,1,"",NA
"318","rs192604494",7,0.0004683,0.0008321,1,1,1,1,0.8926,1,"ENSG00000048052","HDAC9"
"472","rs62259672",3,0.0004709,0.0006523,1,1,1,1,0.7579,1,"ENSG00000169855","ROBO1"
"436","rs58085150",18,0.0004744,0.001046,1,1,0.9997,0.9997,0.4746,1,NA,NA
"2",".",12,0.0004776,0.001172,1,1,1,1,0.8652,1,NA,NA
"51","rs11372893",4,0.0004783,0.0004783,1,1,1,1,0.7031,1,"",NA
"356","rs2421943",10,0.0004787,0.0005336,1,1,1,1,0.2857,1,"ENSG00000119912","IDE"
"113","rs12220493",10,0.0004789,0.0005338,1,1,1,1,0.2857,1,"ENSG00000119912","IDE"
"333","rs200726024",10,0.0004876,0.0005434,1,1,1,1,0.2857,1,"",NA
"367","rs28716827",2,0.0004879,0.0004879,1,1,1,1,0.5608,1,"ENSG00000153250","RBMS1"
"603","rs9295164",6,0.0004907,0.0006361,1,1,1,1,0.3287,1,"ENSG00000185345","PRKN"
"212","rs146490418",4,0.0004927,0.0004927,1,1,1,1,0.7031,1,"",NA
"174","rs141248913",14,0.000494,0.0007725,1,1,1,1,0.7395,1,"",NA
"102","rs12193181",6,0.0004953,0.0006418,1,1,1,1,0.3287,1,"",NA
"60","rs115200858",9,0.0004971,0.0004971,1,1,1,1,0.8067,1,"",NA
"422","rs55860346",18,0.0005026,0.001101,1,1,0.9998,0.9998,0.4749,1,"",NA
"185","rs142793081",3,0.0005038,0.0006956,1,1,1,1,0.7579,1,"ENSG00000169855","ROBO1"
"135","rs1315140",14,0.0005044,0.0007877,1,1,1,1,0.7395,1,"ENSG00000151322","NPAS3"
"506","rs71558766",6,0.0005072,0.0006566,1,1,1,1,0.3287,1,"ENSG00000112561","TFEB"
"499","rs7078418",10,0.0005102,0.0005682,1,1,1,1,0.2857,1,"ENSG00000119912","IDE"
"142","rs13295122",9,0.0005108,0.0005108,1,1,1,1,0.8067,1,"ENSG00000107186","MPDZ"
"430","rs57362400",1,0.0005111,0.0005688,1,1,1,1,0.4594,1,"ENSG00000198626","RYR2"
"438","rs58409558",1,0.0005111,0.0005688,1,1,1,1,0.4594,1,"ENSG00000198626","RYR2"
"445","rs58913393",1,0.0005111,0.0005688,1,1,1,1,0.4594,1,"ENSG00000198626","RYR2"
"182","rs142165595",7,0.0005121,0.0009032,1,1,1,1,0.8926,1,"ENSG00000048052","HDAC9"
"501","rs71376077",16,0.0005165,0.0007489,1,1,1,1,0.5457,1,"",NA
"373","rs34476424",16,0.0005186,0.0007519,1,1,1,1,0.5457,1,"",NA
"25","rs1105388",1,0.0005193,0.0005778,1,1,1,1,0.4594,1,"ENSG00000162873","KLHDC8A"
"448","rs59069459",1,0.0005222,0.0005809,1,1,1,1,0.4594,1,"ENSG00000198626","RYR2"
"13","rs10457131",6,0.0005235,0.000677,1,1,1,1,0.3287,1,"",NA
"378","rs35005860",6,0.0005235,0.000677,1,1,1,1,0.3287,1,"",NA
"573","rs78439417",2,0.0005254,0.0005254,1,1,1,1,0.5608,1,"ENSG00000143933","CALM2"
"528","rs73597170",6,0.0005277,0.0006821,1,1,1,1,0.3287,1,"ENSG00000185345","PRKN"
"227","rs148586246",12,0.0005278,0.001278,1,1,1,1,0.8652,1,"",NA
"471","rs62257658",3,0.00053,0.0007301,1,1,1,1,0.7579,1,"ENSG00000169855","ROBO1"
"548","rs7653084",3,0.00053,0.0007301,1,1,1,1,0.7579,1,"ENSG00000169855","ROBO1"
"320","rs1929653",10,0.0005305,0.0005904,1,1,1,1,0.2857,1,"",NA
"274","rs1832390",1,0.0005343,0.0005942,1,1,1,1,0.4594,1,"ENSG00000198626","RYR2"
"275","rs1832391",1,0.0005343,0.0005942,1,1,1,1,0.4594,1,"ENSG00000198626","RYR2"
"428","rs57244918",1,0.0005343,0.0005942,1,1,1,1,0.4594,1,"ENSG00000198626","RYR2"
"435","rs58070465",1,0.0005343,0.0005942,1,1,1,1,0.4594,1,"ENSG00000198626","RYR2"
"439","rs58490673",1,0.0005343,0.0005942,1,1,1,1,0.4594,1,"ENSG00000198626","RYR2"
"441","rs58713790",1,0.0005343,0.0005942,1,1,1,1,0.4594,1,"ENSG00000198626","RYR2"
"442","rs58740045",1,0.0005343,0.0005942,1,1,1,1,0.4594,1,"ENSG00000198626","RYR2"
"451","rs59198429",1,0.0005343,0.0005942,1,1,1,1,0.4594,1,"ENSG00000198626","RYR2"
"459","rs61210666",1,0.0005343,0.0005942,1,1,1,1,0.4594,1,"ENSG00000198626","RYR2"
"552","rs7679673",4,0.0005424,0.0005424,1,1,1,1,0.7031,1,"",NA
"609","rs9365324",6,0.0005448,0.0007034,1,1,1,1,0.3287,1,"ENSG00000185345","PRKN"
"38","rs11187072",10,0.0005455,0.0006068,1,1,1,1,0.2857,1,"ENSG00000119912","IDE"
"608","rs9365323",6,0.000549,0.0007086,1,1,1,1,0.3287,1,"ENSG00000185345","PRKN"
"607","rs9355932",6,0.0005511,0.0007112,1,1,1,1,0.3287,1,"ENSG00000185345","PRKN"
"338","rs200963915",13,0.0005527,0.0008791,1,1,1,1,0.9403,1,"",NA
"261","rs181007090",8,0.0005534,0.0005534,1,1,1,1,0.8473,1,"ENSG00000079459","FDFT1"
"262","rs181007090",8,0.0005534,0.0005534,1,1,1,1,0.8473,1,"",NA
"168","rs139706380",17,0.0005556,0.0009006,1,1,0.9988,0.9988,0.7793,1,"",NA
"400","rs4474214",1,0.0005589,0.0006211,1,1,1,1,0.4594,1,"",NA
"361","rs2816634",14,0.0005596,0.0008681,1,1,1,1,0.7395,1,"ENSG00000185024","BRF1"
"369","rs28823928",1,0.000561,0.0006234,1,1,1,1,0.4594,1,"",NA
"612","rs9390733",6,0.0005613,0.0007239,1,1,1,1,0.3297,1,"",NA
"535","rs74561386",10,0.0005632,0.0006262,1,1,1,1,0.2857,1,"",NA
"97","rs11950782",5,0.0005633,0.0006519,1,1,1,1,0.54,1,"",NA
"531","rs74282333",3,0.0005652,0.0007764,1,1,1,1,0.7579,1,"ENSG00000169855","ROBO1"
"211","rs146486991",17,0.0005664,0.0009167,1,1,0.999,0.999,0.7793,1,"ENSG00000108370","RGS9"
"210","rs146453011",13,0.0005675,0.0009011,1,1,1,1,0.9403,1,"",NA
"406","rs4752394",10,0.0005683,0.0006318,1,1,1,1,0.2857,1,"",NA
"205","rs145604708",1,0.0005699,0.0006332,1,1,1,1,0.4594,1,"",NA
"183","rs142473849",16,0.0005715,0.0008242,1,1,1,1,0.5457,1,"ENSG00000172382","PRSS27"
"556","rs77035602",10,0.0005744,0.0006384,1,1,1,1,0.2857,1,"",NA
"470","rs62257642",3,0.0005748,0.0007889,1,1,1,1,0.7579,1,"ENSG00000169855","ROBO1"
"295","rs188197017",11,0.0005797,0.0009786,1,1,0.9996,0.9996,0.4165,1,"ENSG00000178105","DDX10"
"360","rs2735831",14,0.0005805,0.0008984,1,1,1,1,0.7395,1,"ENSG00000185024","BRF1"
"255","rs17231483",10,0.0005807,0.0006453,1,1,1,1,0.2857,1,"ENSG00000183230","CTNNA3"
"29","rs11128676",3,0.0005844,0.0008014,1,1,1,1,0.7579,1,"",NA
"129","rs12923453",16,0.0005844,0.0008418,1,1,1,1,0.5457,1,"",NA
"179","rs141680241",14,0.0005846,0.0009043,1,1,1,1,0.7395,1,"",NA
"153","rs138415198",7,0.000585,0.001021,1,1,1,1,0.8926,1,"ENSG00000048052","HDAC9"
"256","rs17231490",10,0.0005871,0.0006523,1,1,1,1,0.2857,1,"ENSG00000183230","CTNNA3"
"149","rs138070634",3,0.0005881,0.0008062,1,1,1,1,0.7579,1,"ENSG00000169855","ROBO1"
"468","rs62257639",3,0.0005881,0.0008062,1,1,1,1,0.7579,1,"ENSG00000169855","ROBO1"
"469","rs62257640",3,0.0005881,0.0008062,1,1,1,1,0.7579,1,"ENSG00000169855","ROBO1"
"478","rs6548629",3,0.0005881,0.0008062,1,1,1,1,0.7579,1,"ENSG00000169855","ROBO1"
"578","rs79063400",3,0.0005881,0.0008062,1,1,1,1,0.7579,1,"ENSG00000169855","ROBO1"
"45","rs112457328",9,0.0005915,0.0005915,1,1,1,1,0.8067,1,"",NA
"536","rs74790442",2,0.0005929,0.0005929,1,1,1,1,0.5608,1,"ENSG00000153250","RBMS1"
"235","rs149777500",5,0.0005972,0.0006903,1,1,1,1,0.54,1,"",NA
"325","rs199917105",3,0.0006041,0.0008271,1,1,1,1,0.7579,1,"ENSG00000169855","ROBO1"
"93","rs11842336",13,0.0006064,0.0009584,1,1,1,1,0.9403,1,"",NA
"160","rs138802886",17,0.0006112,0.000984,1,1,0.9994,0.9994,0.7793,1,"",NA
"110","rs12211893",6,0.0006135,0.0007886,1,1,1,1,0.3525,1,"ENSG00000112249","ASCC3"
"584","rs79485880",12,0.0006144,0.001459,1,1,1,1,0.8652,1,"",NA
"30","rs11131036",3,0.0006147,0.0008409,1,1,1,1,0.7579,1,"ENSG00000151276","MAGI1"
"124","rs12914009",15,0.0006177,0.0006177,1,1,1,1,0.9906,1,"",NA
"414","rs4946689",6,0.0006186,0.0007949,1,1,1,1,0.3525,1,"",NA
"228","rs148841040",11,0.0006235,0.001047,1,1,0.9998,0.9998,0.4165,1,NA,NA
"343","rs201612226",14,0.0006245,0.0009621,1,1,1,1,0.7395,1,"ENSG00000151320","AKAP6"
"375","rs34797451",17,0.0006265,0.001007,1,1,0.9995,0.9995,0.7793,1,"ENSG00000108370","RGS9"
"280","rs184782742",7,0.0006273,0.001088,1,1,1,1,0.8926,1,"",NA
"345","rs201948050",7,0.000634,0.001099,1,1,1,1,0.8926,1,"ENSG00000048052","HDAC9"
"385","rs35992979",2,0.0006385,0.0006385,1,1,1,1,0.5608,1,"",NA
"581","rs79322241",8,0.0006394,0.0006394,1,1,1,1,0.8473,1,"",NA
"119","rs12569625",10,0.0006396,0.0007098,1,1,1,1,0.2857,1,"ENSG00000122870","BICC1"
"172","rs140908769",3,0.0006406,0.0008748,1,1,1,1,0.7579,1,"ENSG00000169855","ROBO1"
"156","rs138555730",1,0.0006425,0.0007125,1,1,1,1,0.4594,1,"ENSG00000143341","HMCN1"
"313","rs191705561",4,0.000645,0.000645,1,1,1,1,0.7031,1,"",NA
"440","rs58631764",10,0.0006458,0.0007165,1,1,1,1,0.2857,1,"ENSG00000183230","CTNNA3"
"84","rs11750830",5,0.0006472,0.0007468,1,1,1,1,0.54,1,"",NA
"87","rs117744859",8,0.0006518,0.0006518,1,1,1,1,0.8473,1,"",NA
"389","rs3798962",6,0.0006521,0.0008363,1,1,1,1,0.3635,1,"ENSG00000026652","AGPAT4"
"298","rs189099486",3,0.0006523,0.0008899,1,1,1,1,0.7579,1,"ENSG00000169855","ROBO1"
"247","rs1559120",4,0.0006561,0.0006561,1,1,1,1,0.7031,1,"",NA
"386","rs36053256",6,0.0006569,0.0008423,1,1,1,1,0.3635,1,"",NA
"419","rs55796466",18,0.0006645,0.001411,1,1,1,1,0.4941,1,"ENSG00000134443","GRP"
"323","rs199680243",9,0.0006696,0.0006696,1,1,1,1,0.8067,1,"",NA
"166","rs139520474",6,0.0006714,0.0008601,1,1,1,1,0.3636,1,"",NA
"374","rs34480284",4,0.0006721,0.0006721,1,1,1,1,0.7031,1,"",NA
"532","rs74376458",7,0.0006739,0.001162,1,1,1,1,0.8926,1,"",NA
"302","rs189449247",6,0.0006762,0.0008661,1,1,1,1,0.3636,1,"ENSG00000185345","PRKN"
"236","rs149846377",1,0.0006822,0.0007557,1,1,1,1,0.4594,1,"",NA
"241","rs150643424",1,0.0006822,0.0007557,1,1,1,1,0.4594,1,"",NA
"134","rs13035444",2,0.0006847,0.0006847,1,1,1,1,0.5608,1,"",NA
"224","rs148174395",4,0.0006872,0.0006872,1,1,1,1,0.7031,1,"ENSG00000179299","NSUN7"
"316","rs192363667",11,0.0006876,0.001146,1,1,0.9999,0.9999,0.4165,1,"",NA
"616","rs9784584",4,0.000689,0.000689,1,1,1,1,0.7031,1,"",NA
"508","rs7165532",15,0.0006891,0.0006891,1,1,1,1,0.9906,1,"",NA
"196","rs144422861",6,0.0006987,0.0008937,1,1,1,1,0.3669,1,"ENSG00000185345","PRKN"
"78","rs117198452",1,0.0006995,0.0007747,1,1,1,1,0.4594,1,"ENSG00000197965","MPZL1"
"203","rs1454070",11,0.0007013,0.001167,1,1,0.9999,0.9999,0.4165,1,"ENSG00000052850","ALX4"
"285","rs185287117",1,0.0007033,0.0007788,1,1,1,1,0.4594,1,"",NA
"36","rs11187022",10,0.0007036,0.0007796,1,1,1,1,0.2857,1,"ENSG00000119912","IDE"
"177","rs141500406",9,0.0007068,0.0007068,1,1,1,1,0.8067,1,"ENSG00000148082","SHC3"
"305","rs190358641",9,0.0007068,0.0007068,1,1,1,1,0.8067,1,"ENSG00000148082","SHC3"
"543","rs75893895",8,0.0007068,0.0007068,1,1,1,1,0.8473,1,"",NA
"497","rs7042674",9,0.0007069,0.0007069,1,1,1,1,0.8067,1,"ENSG00000173068","BNC2"
"246","rs1516417",15,0.0007081,0.0007081,1,1,1,1,0.9906,1,"",NA
"599","rs8119611",20,0.0007097,0.0007097,1,1,0.9999,0.9999,0.6621,1,"",NA
"510","rs723534",4,0.0007121,0.0007121,1,1,1,1,0.7031,1,"",NA
"24","rs10997427",10,0.0007133,0.0007902,1,1,1,1,0.2857,1,"ENSG00000183230","CTNNA3"
"327","rs200209437",10,0.0007189,0.0007963,1,1,1,1,0.2857,1,"ENSG00000107745","MICU1"
"341","rs201149256",10,0.0007189,0.0007963,1,1,1,1,0.2857,1,"ENSG00000107745","MICU1"
"1",".",3,0.0007203,0.0009782,1,1,1,1,0.7579,1,NA,NA
"269","rs182268568",5,0.0007211,0.0008302,1,1,1,1,0.54,1,"ENSG00000039560","RAI14"
"284","rs185211607",3,0.0007217,0.0009801,1,1,1,1,0.7579,1,"",NA
"347","rs202053196",8,0.0007273,0.0007273,1,1,1,1,0.8473,1,"",NA
"181","rs141753354",14,0.0007333,0.001118,1,1,1,1,0.7395,1,"",NA
"306","rs190692998",14,0.0007339,0.001119,1,1,1,1,0.7395,1,"ENSG00000152315","KCNK13"
"405","rs4751774",10,0.0007339,0.0008127,1,1,1,1,0.2857,1,"",NA
"487","rs6705912",2,0.0007369,0.0007369,1,1,1,1,0.5608,1,"",NA
"244","rs151234272",5,0.0007375,0.0008487,1,1,1,1,0.54,1,"",NA
"141","rs13291548",9,0.0007442,0.0007442,1,1,1,1,0.8067,1,"ENSG00000107186","MPDZ"
"294","rs187632455",8,0.000745,0.000745,1,1,1,1,0.8473,1,"",NA
"191","rs143407799",14,0.0007451,0.001135,1,1,1,1,0.7395,1,"ENSG00000182732","RGS6"
"446","rs58983661",1,0.0007483,0.0008278,1,1,1,1,0.4594,1,"ENSG00000143376","SNX27"
"195","rs144405838",9,0.00075,0.00075,1,1,1,1,0.8067,1,"ENSG00000107186","MPDZ"
"427","rs564256",11,0.0007503,0.001242,1,1,1,1,0.4165,1,"ENSG00000184384","MAML2"
"234","rs149542234",3,0.0007522,0.00102,1,1,1,1,0.7579,1,"ENSG00000088538","DOCK3"
"265","rs181655147",3,0.0007522,0.00102,1,1,1,1,0.7579,1,"ENSG00000114738","MAPKAPK3"
"277","rs184185968",3,0.000754,0.001022,1,1,1,1,0.7579,1,"ENSG00000088538","DOCK3"
"594","rs80251545",8,0.0007565,0.0007565,1,1,1,1,0.8473,1,"",NA
"357","rs2510490",11,0.0007597,0.001256,1,1,1,1,0.4165,1,"",NA
"344","rs201739484",8,0.0007603,0.0007603,1,1,1,1,0.8473,1,"",NA
"553","rs76847745",8,0.0007603,0.0007603,1,1,1,1,0.8473,1,"",NA
"57","rs114426597",4,0.0007613,0.0007613,1,1,1,1,0.7031,1,"",NA
"595","rs80260219",10,0.0007625,0.0008439,1,1,1,1,0.2857,1,"",NA
"366","rs2870876",12,0.0007636,0.001764,1,1,1,1,0.8652,1,"ENSG00000135643","KCNMB4"
"121","rs12746897",1,0.0007668,0.000848,1,1,1,1,0.4594,1,"ENSG00000143376","SNX27"
"282","rs185002358",1,0.0007668,0.000848,1,1,1,1,0.4594,1,"ENSG00000143376","SNX27"
"424","rs56130043",1,0.0007668,0.000848,1,1,1,1,0.4594,1,"ENSG00000143376","SNX27"
"396","rs4288182",6,0.0007676,0.0009785,1,1,1,1,0.3669,1,"ENSG00000185345","PRKN"
"515","rs72692445",9,0.0007679,0.0007679,1,1,1,1,0.8067,1,"ENSG00000178031","ADAMTSL1"
"489","rs6903093",6,0.0007693,0.0009806,1,1,1,1,0.3669,1,"ENSG00000185345","PRKN"
"496","rs6941734",6,0.0007693,0.0009806,1,1,1,1,0.3669,1,"ENSG00000185345","PRKN"
"292","rs187329821",11,0.0007698,0.001271,1,1,1,1,0.4165,1,"",NA
"159","rs138791988",17,0.0007708,0.001221,1,1,0.9999,0.9999,0.7793,1,"",NA
"42","rs11240441",1,0.0007715,0.0008531,1,1,1,1,0.4594,1,"ENSG00000162873","KLHDC8A"
"163","rs138998848",4,0.0007718,0.0007718,1,1,1,1,0.7031,1,"",NA
"571","rs78262805",8,0.0007728,0.0007728,1,1,1,1,0.8473,1,"",NA
"382","rs35676182",11,0.0007731,0.001277,1,1,1,1,0.4165,1,"ENSG00000184384","MAML2"
"525","rs730218",1,0.0007731,0.0008549,1,1,1,1,0.4594,1,"",NA
"248","rs1607933",1,0.0007738,0.0008556,1,1,1,1,0.4594,1,"ENSG00000143376","SNX27"
"460","rs61860640",10,0.0007742,0.0008566,1,1,1,1,0.2857,1,"ENSG00000119912","IDE"
"217","rs147296411",17,0.0007755,0.001228,1,1,0.9999,0.9999,0.7793,1,"",NA
"233","rs149415397",7,0.000777,0.001324,1,1,1,1,0.8926,1,"ENSG00000146856","AGBL3"
"511","rs725330",1,0.0007776,0.0008598,1,1,1,1,0.4594,1,"ENSG00000021852","C8B"
"115","rs12296438",12,0.0007839,0.001805,1,1,1,1,0.8652,1,"",NA
"363","rs28374661",6,0.0007858,0.001001,1,1,1,1,0.3669,1,NA,NA
"83","rs11748816",5,0.0007893,0.000907,1,1,1,1,0.54,1,"",NA
"270","rs182544981",2,0.0007901,0.0007901,1,1,1,1,0.5608,1,"ENSG00000171094","ALK"
"481","rs6676545",1,0.0007914,0.0008748,1,1,1,1,0.4594,1,"ENSG00000143376","SNX27"
"526","rs73160096",13,0.0007914,0.001228,1,1,1,1,0.9403,1,"",NA
"314","rs191897454",10,0.0007934,0.0008774,1,1,1,1,0.2857,1,"ENSG00000169126","ODAD2"
"122","rs12751044",1,0.0007959,0.0008796,1,1,1,1,0.4594,1,"ENSG00000143376","SNX27"
"9","rs10187622",2,0.0007984,0.0007984,1,1,1,1,0.5608,1,"ENSG00000003436","TFPI"
"540","rs7553708",1,0.0007986,0.0008826,1,1,1,1,0.4594,1,"ENSG00000143473","KCNH1"
"554","rs76909983",2,0.0007992,0.0007992,1,1,1,1,0.5608,1,"",NA
"358","rs2577419",5,0.0008028,0.0009221,1,1,1,1,0.54,1,"",NA
"130","rs12935136",16,0.0008029,0.001137,1,1,1,1,0.5457,1,"ENSG00000072864","NDE1"
"131","rs12935136",16,0.0008029,0.001137,1,1,1,1,0.5457,1,"",NA
"132","rs12935136",16,0.0008029,0.001137,1,1,1,1,0.5457,1,"ENSG00000133392","MYH11"
"617","rs9992981",4,0.0008054,0.0008054,1,1,1,1,0.7031,1,"",NA
"397","rs4296752",5,0.0008056,0.0009253,1,1,1,1,0.54,1,"ENSG00000069020","MAST4"
"312","rs1916375",10,0.0008088,0.0008942,1,1,1,1,0.2857,1,"ENSG00000183230","CTNNA3"
"600","rs8176602",2,0.000816,0.000816,1,1,1,1,0.5608,1,"ENSG00000003436","TFPI"
"606","rs9355931",6,0.0008172,0.001039,1,1,1,1,0.3669,1,"ENSG00000185345","PRKN"
"143","rs13385553",2,0.0008182,0.0008182,1,1,1,1,0.5608,1,"ENSG00000189350","TOGARAM2"
"372","rs34379253",16,0.0008186,0.001158,1,1,1,1,0.5457,1,"ENSG00000102970","CCL17"
"165","rs139479177",6,0.0008205,0.001043,1,1,1,1,0.3669,1,"ENSG00000111961","SASH1"
"64","rs115720656",2,0.0008218,0.0008218,1,1,1,1,0.5608,1,"",NA
"399","rs4355471",5,0.0008236,0.0009455,1,1,1,1,0.54,1,"ENSG00000069020","MAST4"
"521","rs72746134",9,0.0008243,0.0008243,1,1,1,1,0.8067,1,"",NA
"58","rs114552054",6,0.0008248,0.001049,1,1,1,1,0.3669,1,NA,NA
"601","rs912782",1,0.0008266,0.0009131,1,1,1,1,0.4594,1,"",NA
"197","rs144751336",14,0.0008267,0.001251,1,1,1,1,0.7395,1,"ENSG00000066629","EML1"
"370","rs2924329",18,0.0008275,0.001714,1,1,1,1,0.4941,1,"ENSG00000196628","TCF4"
"146","rs1342430",1,0.0008283,0.000915,1,1,1,1,0.4594,1,"",NA
"423","rs56038499",6,0.0008295,0.001054,1,1,1,1,0.3669,1,"",NA
"437","rs58126556",6,0.0008295,0.001054,1,1,1,1,0.3669,1,"",NA
"194","rs144293986",14,0.0008309,0.001257,1,1,1,1,0.7395,1,"",NA
"322","rs199614161",3,0.0008332,0.001124,1,1,1,1,0.7579,1,"",NA
"614","rs9458358",6,0.0008344,0.00106,1,1,1,1,0.3669,1,"ENSG00000185345","PRKN"
"300","rs189170667",3,0.000835,0.001126,1,1,1,1,0.7579,1,"ENSG00000088538","DOCK3"
"276","rs183629362",3,0.0008369,0.001129,1,1,1,1,0.7579,1,"ENSG00000088538","DOCK3"
"232","rs149395219",6,0.0008409,0.001068,1,1,1,1,0.3669,1,"",NA
"420","rs55802301",6,0.0008409,0.001068,1,1,1,1,0.3669,1,"",NA
"264","rs181410520",17,0.0008427,0.001326,1,1,1,1,0.7793,1,"ENSG00000108433","GOSR2"
"402","rs4680941",3,0.0008429,0.001136,1,1,1,1,0.7579,1,"ENSG00000169855","ROBO1"
"368","rs28785556",14,0.0008436,0.001275,1,1,1,1,0.7395,1,"ENSG00000185024","BRF1"
"204","rs145531743",2,0.000844,0.000844,1,1,1,1,0.5608,1,"ENSG00000003436","TFPI"
"176","rs141436376",16,0.0008448,0.001193,1,1,1,1,0.5457,1,"",NA
"504","rs71446011",2,0.0008471,0.0008471,1,1,1,1,0.5608,1,"",NA
"311","rs191329630",3,0.0008482,0.001143,1,1,1,1,0.7579,1,"ENSG00000145012","LPP"
"86","rs117555106",8,0.0008486,0.0008486,1,1,1,1,0.8473,1,"",NA
"308","rs190854643",1,0.0008517,0.0009404,1,1,1,1,0.4594,1,"",NA
"12","rs10457085",6,0.000852,0.001082,1,1,1,1,0.3669,1,"",NA
"41","rs11211100",1,0.0008524,0.0009411,1,1,1,1,0.4594,1,"",NA
"147","rs1342431",1,0.0008529,0.0009417,1,1,1,1,0.4594,1,"",NA
"355","rs2405238",1,0.0008529,0.0009417,1,1,1,1,0.4594,1,"",NA
"483","rs6681131",1,0.0008529,0.0009417,1,1,1,1,0.4594,1,"",NA
"486","rs6696108",1,0.0008529,0.0009417,1,1,1,1,0.4594,1,"",NA
"390","rs3828056",1,0.0008541,0.000943,1,1,1,1,0.4594,1,"ENSG00000159409","CELF3"
"133","rs13010242",2,0.0008557,0.0008557,1,1,1,1,0.5608,1,"",NA
"112","rs12214540",6,0.0008574,0.001088,1,1,1,1,0.3669,1,"",NA
"458","rs60645224",6,0.0008574,0.001088,1,1,1,1,0.3669,1,"",NA
"565","rs7766243",6,0.0008592,0.001091,1,1,1,1,0.3669,1,"",NA
"207","rs145848189",9,0.0008613,0.0008613,1,1,1,1,0.8067,1,"ENSG00000148082","SHC3"
"144","rs1342428",1,0.0008637,0.0009534,1,1,1,1,0.4594,1,"",NA
"145","rs1342429",1,0.0008637,0.0009534,1,1,1,1,0.4594,1,"",NA
"407","rs4859467",4,0.0008637,0.0008637,1,1,1,1,0.7031,1,"",NA
"7","rs10055705",5,0.0008664,0.0009936,1,1,1,1,0.54,1,"ENSG00000069020","MAST4"
"65","rs115807455",1,0.000869,0.0009592,1,1,1,1,0.4594,1,"",NA
"310","rs191087891",9,0.0008696,0.0008696,1,1,1,1,0.8067,1,"ENSG00000155875","SAXO1"
"304","rs190234744",2,0.0008764,0.0008764,1,1,1,1,0.5608,1,"ENSG00000172554","SNTG2"
"219","rs147435745",1,0.0008771,0.000968,1,1,1,1,0.4594,1,"",NA
"243","rs151159119",12,0.0008778,0.001992,1,1,1,1,0.8652,1,"ENSG00000130787","HIP1R"
"286","rs185288686",9,0.0008778,0.0008778,1,1,1,1,0.8067,1,"ENSG00000080608","PUM3"
"254","rs17193740",6,0.0008807,0.001117,1,1,1,1,0.3669,1,"",NA
"490","rs6908289",6,0.000883,0.00112,1,1,1,1,0.3669,1,"ENSG00000185345","PRKN"
"108","rs12208459",6,0.0008831,0.00112,1,1,1,1,0.3669,1,"ENSG00000164418","GRIK2"
"444","rs58781856",10,0.0008833,0.0009753,1,1,1,1,0.2857,1,"ENSG00000183230","CTNNA3"
"67","rs11624929",14,0.0008862,0.001342,1,1,1,1,0.7395,1,"ENSG00000185024","BRF1"
"230","rs149265733",23,0.0008914,0.0008914,1,1,1,1,0.9995,1,"ENSG00000130119","GNL3L"
"364","rs28408666",15,0.0008915,0.0008915,1,1,1,1,0.9906,1,"ENSG00000069956","MAPK6"
"505","rs7155218",14,0.0008922,0.001335,1,1,1,1,0.7395,1,"",NA
"74","rs116918201",17,0.0008934,0.0014,1,1,1,1,0.7793,1,"ENSG00000108599","AKAP10"
"615","rs9668805",12,0.0008956,0.002027,1,1,1,1,0.8652,1,"",NA
"46","rs112572929",1,0.0008963,0.0009888,1,1,1,1,0.4594,1,"ENSG00000185420","SMYD3"
"279","rs184640723",5,0.000897,0.001028,1,1,1,1,0.54,1,NA,NA
"354","rs2377500",1,0.0008972,0.0009898,1,1,1,1,0.4594,1,"",NA
"509","rs72217387",1,0.0008977,0.0009903,1,1,1,1,0.4594,1,NA,NA
"43","rs11240443",1,0.0008985,0.0009912,1,1,1,1,0.4594,1,"ENSG00000162873","KLHDC8A"
"268","rs182194375",20,0.0008989,0.0008989,1,1,1,1,0.6621,1,"",NA
"299","rs189163470",5,0.0009001,0.001031,1,1,1,1,0.54,1,"",NA
"239","rs150366849",14,0.0009015,0.001356,1,1,1,1,0.7395,1,"",NA
"352","rs2209461",1,0.0009017,0.0009947,1,1,1,1,0.4594,1,"",NA
"398","rs4329087",6,0.000903,0.001144,1,1,1,1,0.3669,1,"ENSG00000185345","PRKN"
"598","rs8109040",19,0.0009035,0.002365,1,1,0.9997,0.9997,0.6866,1,"ENSG00000171105","INSR"
"330","rs200559194",14,0.0009047,0.001361,1,1,1,1,0.7395,1,"ENSG00000185024","BRF1"
"575","rs78703691",4,0.0009094,0.0009094,1,1,1,1,0.7031,1,"",NA
"395","rs4235931",6,0.0009106,0.001153,1,1,1,1,0.3669,1,"ENSG00000185345","PRKN"
"100","rs12190898",6,0.0009114,0.001154,1,1,1,1,0.3669,1,"ENSG00000164418","GRIK2"
"94","rs11849607",14,0.0009122,0.001371,1,1,1,1,0.7395,1,"ENSG00000185024","BRF1"
"457","rs598772",1,0.0009124,0.001006,1,1,1,1,0.4594,1,"ENSG00000021852","C8B"
"480","rs6669836",1,0.0009124,0.001006,1,1,1,1,0.4594,1,"ENSG00000021852","C8B"
"324","rs199709054",14,0.000914,0.001374,1,1,1,1,0.7395,1,"ENSG00000151320","AKAP6"
"348","rs2025006",1,0.0009152,0.001009,1,1,1,1,0.4594,1,"ENSG00000021852","C8B"
"34","rs111626120",9,0.0009171,0.0009171,1,1,1,1,0.8067,1,"",NA
"605","rs9347538",6,0.0009186,0.001163,1,1,1,1,0.3669,1,"ENSG00000185345","PRKN"
"574","rs78493974",18,0.0009187,0.00188,1,1,1,1,0.4941,1,"",NA
"580","rs79128128",10,0.0009189,0.001014,1,1,1,1,0.2857,1,"ENSG00000119912","IDE"
"66","rs116137829",3,0.0009198,0.001235,1,1,1,1,0.7579,1,"",NA
"56","rs114281447",8,0.0009202,0.0009202,1,1,1,1,0.8473,1,"",NA
"70","rs116659797",8,0.0009202,0.0009202,1,1,1,1,0.8473,1,"",NA
"222","rs147897425",12,0.0009281,0.002091,1,1,1,1,0.8652,1,"",NA
"81","rs117259050",7,0.0009285,0.00156,1,1,1,1,0.8926,1,"ENSG00000130226","DPP6"
"287","rs185492618",4,0.0009295,0.0009295,1,1,1,1,0.7031,1,"",NA
"98","rs12024515",1,0.0009305,0.001026,1,1,1,1,0.4594,1,"",NA
"482","rs6678001",1,0.0009305,0.001026,1,1,1,1,0.4594,1,"",NA
"403","rs4709553",6,0.000934,0.001182,1,1,1,1,0.3669,1,"ENSG00000185345","PRKN"
"319","rs192608955",7,0.0009346,0.001569,1,1,1,1,0.8926,1,"ENSG00000048052","HDAC9"
"534","rs74467373",20,0.0009385,0.0009385,1,1,1,1,0.6621,1,"ENSG00000101333","PLCB4"
"431","rs57421214",16,0.0009388,0.001318,1,1,1,1,0.5457,1,"",NA
"14","rs10515015",5,0.0009395,0.001076,1,1,1,1,0.54,1,"ENSG00000069020","MAST4"
"393","rs4008350",4,0.0009422,0.0009422,1,1,1,1,0.7031,1,"",NA
"537","rs74907148",8,0.0009449,0.0009449,1,1,1,1,0.8473,1,"",NA
"583","rs79411690",7,0.0009461,0.001587,1,1,1,1,0.8926,1,"ENSG00000011426","ANLN"
"494","rs6936515",6,0.0009462,0.001197,1,1,1,1,0.3669,1,"",NA
"610","rs9368872",6,0.0009477,0.001199,1,1,1,1,0.3669,1,"",NA
"19","rs10863858",1,0.0009478,0.001045,1,1,1,1,0.4594,1,"ENSG00000143473","KCNH1"
"464","rs62172424",2,0.0009481,0.0009481,1,1,1,1,0.5608,1,"ENSG00000003436","TFPI"
"301","rs189188659",2,0.00095,0.00095,1,1,1,1,0.5608,1,"",NA
"136","rs13176995",5,0.0009505,0.001088,1,1,1,1,0.54,1,"ENSG00000069020","MAST4"
"200","rs144999003",15,0.0009557,0.0009557,1,1,1,1,0.9906,1,"",NA
"602","rs929101",6,0.0009568,0.00121,1,1,1,1,0.3669,1,"",NA
"215","rs146728431",5,0.000958,0.001096,1,1,1,1,0.54,1,"",NA
"117","rs12566074",1,0.0009593,0.001057,1,1,1,1,0.4594,1,"ENSG00000184677","ZBTB40"
"353","rs2280473",1,0.0009605,0.001058,1,1,1,1,0.4594,1,"ENSG00000159409","CELF3"
"359","rs257902",5,0.0009608,0.001099,1,1,1,1,0.54,1,"ENSG00000113396","SLC27A6"
"79","rs117203002",2,0.0009618,0.0009618,1,1,1,1,0.5608,1,"",NA
"161","rs138854329",11,0.0009624,0.001563,1,1,1,1,0.4165,1,"ENSG00000019485","PRDM11"
"558","rs7740803",6,0.0009651,0.00122,1,1,1,1,0.3669,1,"ENSG00000185345","PRKN"
"516","rs72696048",4,0.0009669,0.0009669,1,1,1,1,0.7031,1,"",NA
"476","rs6494366",15,0.0009693,0.0009693,1,1,1,1,0.9906,1,"",NA
"283","rs185035598",6,0.0009727,0.001229,1,1,1,1,0.3669,1,"",NA
"18","rs10863857",1,0.0009738,0.001073,1,1,1,1,0.4594,1,"ENSG00000143473","KCNH1"
"6","rs10007915",4,0.0009741,0.0009741,1,1,1,1,0.7031,1,"",NA
"293","rs1874920",12,0.0009781,0.002189,1,1,1,1,0.8652,1,"",NA
"73","rs116873118",11,0.0009791,0.001588,1,1,1,1,0.4165,1,"ENSG00000019485","PRDM11"
"317","rs192452146",4,0.0009818,0.0009818,1,1,1,1,0.7031,1,"ENSG00000163749","CCDC158"
"139","rs13215052",6,0.0009826,0.001241,1,1,1,1,0.3669,1,"ENSG00000112561","TFEB"
"410","rs4924606",15,0.0009835,0.0009835,1,1,1,1,0.9906,1,"",NA
"190","rs143291519",1,0.0009843,0.001084,1,1,1,1,0.4594,1,"",NA
"585","rs7968719",12,0.0009865,0.002205,1,1,1,1,0.8652,1,"ENSG00000123384","LRP1"
"5","chrX:24201917:D",23,0.0009868,0.0009868,1,1,1,1,0.9995,1,NA,NA
"409","rs490862",11,0.0009894,0.001603,1,1,1,1,0.4165,1,"",NA
"120","rs12665593",6,0.0009916,0.001252,1,1,1,1,0.3669,1,"ENSG00000112249","ASCC3"
"28","rs111271801",5,0.0009932,0.001136,1,1,1,1,0.54,1,"",NA
"99","rs12038561",1,0.0009949,0.001096,1,1,1,1,0.4594,1,"",NA
